stimulus,utterance,p,sd,predictor,best.utt,n.stim
if1_hh,blue does not fall,0.011877881990082582,0.07455415432555006,model,FALSE,385
if1_hh,if blue does not fall green does not fall,0.07710694954164349,0.25422019801938706,model,FALSE,385
if1_hh,if blue does not fall green falls,0.005834467385007789,0.028055011102650143,model,FALSE,385
if1_hh,green does not fall,0.0017313294070219626,0.023989922634349757,model,FALSE,385
if1_hh,if green does not fall blue does not fall,0.019319622437231083,0.08264337822694894,model,FALSE,385
if1_hh,if green does not fall blue falls,0.01727228834094198,0.04891474981974402,model,FALSE,385
if1_hh,neither block falls,0,0,model,FALSE,385
if1_hh,blue falls but green does not fall,0.0017313382291499568,0.023990044876926585,model,FALSE,385
if1_hh,blue falls,0.017262446567167546,0.0488868781252903,model,FALSE,385
if1_hh,if blue falls green does not fall,0.0017313381241103514,0.023990043421460053,model,FALSE,385
if1_hh,if blue falls green falls,0.24308265165312232,0.15569398079452393,model,TRUE,385
if1_hh,green falls,0.23864022941631743,0.15030266240690107,model,FALSE,385
if1_hh,if green falls blue does not fall,0.010210746577824927,0.0660837862534818,model,FALSE,385
if1_hh,if green falls blue falls,0.017262446526136295,0.04888687800919212,model,FALSE,385
if1_hh,green falls but blue does not fall,0,0,model,FALSE,385
if1_hh,both blocks fall,0.23483755987881108,0.1456079950112192,model,FALSE,385
if1_hh,blue might not fall,0.048041241554625365,0.20631711187387428,model,FALSE,385
if1_hh,green might not fall,0.017274388086357565,0.04892069625987786,model,FALSE,385
if1_hh,blue might fall,0.01726244497568932,0.048886873618258136,model,FALSE,385
if1_hh,green might fall,0.019520629308759425,0.055282003175687475,model,FALSE,385
if1_lh,blue does not fall,0.22758566999939664,0.2083263962684058,model,FALSE,475
if1_lh,if blue does not fall green does not fall,0.00671171495884952,0.07950647830168461,model,FALSE,475
if1_lh,if blue does not fall green falls,3.4374295187242893e-4,0.007491703948831415,model,FALSE,475
if1_lh,green does not fall,1.3064234721048277e-18,1.937413946701282e-18,model,FALSE,475
if1_lh,if green does not fall blue does not fall,2.8514762548196017e-11,4.3922768321447805e-11,model,FALSE,475
if1_lh,if green does not fall blue falls,3.4343300935590427e-4,0.007484948908292226,model,FALSE,475
if1_lh,neither block falls,0.22294328137480182,0.20493486961946142,model,FALSE,475
if1_lh,blue falls but green does not fall,0,0,model,FALSE,475
if1_lh,blue falls,3.432373215561342e-4,0.007480683973694652,model,FALSE,475
if1_lh,if blue falls green does not fall,1.8886266084231148e-19,5.25485942701916e-19,model,FALSE,475
if1_lh,if blue falls green falls,0.005919864000656002,0.07441627498187184,model,FALSE,475
if1_lh,green falls,5.468928856944832e-12,2.00361406899372e-11,model,FALSE,475
if1_lh,if green falls blue does not fall,0.03291978805949349,0.09501944835007824,model,FALSE,475
if1_lh,if green falls blue falls,8.186253601380753e-13,9.406270270631358e-12,model,FALSE,475
if1_lh,green falls but blue does not fall,0.22526315789191753,0.4181959499306176,model,FALSE,475
if1_lh,both blocks fall,0,0,model,FALSE,475
if1_lh,blue might not fall,0.2765512605188054,0.3689003639801975,model,TRUE,475
if1_lh,green might not fall,3.4347476043655294e-4,0.007485858834107348,model,FALSE,475
if1_lh,blue might fall,3.4323728991202617e-4,0.00748068328402731,model,FALSE,475
if1_lh,green might fall,3.881378281438108e-4,0.008459267825003116,model,FALSE,475
if1_u-Lh,blue does not fall,0.0636381749479511,0.15446657623244156,model,FALSE,470
if1_u-Lh,if blue does not fall green does not fall,0.07022627095180428,0.24778450642273392,model,FALSE,470
if1_u-Lh,if blue does not fall green falls,0.006668806853678036,0.030159470591920545,model,FALSE,470
if1_u-Lh,green does not fall,7.202552751156283e-19,2.5145196115983474e-18,model,FALSE,470
if1_u-Lh,if green does not fall blue does not fall,0.02268350835178728,0.08855559577101399,model,FALSE,470
if1_u-Lh,if green does not fall blue falls,0.008745813403525829,0.03487692607196921,model,FALSE,470
if1_u-Lh,neither block falls,0.05684968121295082,0.1440394782906178,model,FALSE,470
if1_u-Lh,blue falls but green does not fall,0,0,model,FALSE,470
if1_u-Lh,blue falls,0.008740830027399588,0.03485705314956047,model,FALSE,470
if1_u-Lh,if blue falls green does not fall,1.4112042741113622e-19,1.233270206217616e-18,model,FALSE,470
if1_u-Lh,if blue falls green falls,0.08802989748594894,0.17518501108123702,model,FALSE,470
if1_u-Lh,green falls,0.07068746852957333,0.13304682640508533,model,FALSE,470
if1_u-Lh,if green falls blue does not fall,0.012475094490042592,0.07973189119280771,model,FALSE,470
if1_u-Lh,if green falls blue falls,0.008047052445094459,0.033366644197644776,model,FALSE,470
if1_u-Lh,green falls but blue does not fall,0.019148936169973055,0.13719439443383338,model,FALSE,470
if1_u-Lh,both blocks fall,0.06539413132220508,0.12559387101912453,model,FALSE,470
if1_u-Lh,blue might not fall,0.4712923683994546,0.4802735408005064,model,TRUE,470
if1_u-Lh,green might not fall,0.008746876609376638,0.03488116596954837,model,FALSE,470
if1_u-Lh,blue might fall,0.008740829221555491,0.03485704993598116,model,FALSE,470
if1_u-Lh,green might fall,0.00988425957768154,0.039416870064203434,model,FALSE,470
if1_uh,blue does not fall,0.01032843199022713,0.06486045415700109,model,FALSE,319
if1_uh,if blue does not fall green does not fall,0.13367226558306022,0.3337748671803229,model,FALSE,319
if1_uh,if blue does not fall green falls,0.003520934686260312,0.021986153557400773,model,FALSE,319
if1_uh,green does not fall,5.993807885454393e-20,3.9162541792773107e-19,model,FALSE,319
if1_uh,if green does not fall blue does not fall,0.014529431574767715,0.07484650472452903,model,FALSE,319
if1_uh,if green does not fall blue falls,0.009655811472023434,0.03749799802397,model,FALSE,319
if1_uh,neither block falls,0.007671722822034058,0.05590580295119305,model,FALSE,319
if1_uh,blue falls but green does not fall,0,0,model,FALSE,319
if1_uh,blue falls,0.009650309578875015,0.037476631610716765,model,FALSE,319
if1_uh,if blue falls green does not fall,0.0031335521702034867,0.05596703132988605,model,FALSE,319
if1_uh,if blue falls green falls,0.11852920486909893,0.21575333304180425,model,FALSE,319
if1_uh,green falls,0.08053071076144121,0.14216638303580414,model,FALSE,319
if1_uh,if green falls blue does not fall,0.013214758524652986,0.09253866069448245,model,FALSE,319
if1_uh,if green falls blue falls,0.00965010672592939,0.037476683738869344,model,FALSE,319
if1_uh,green falls but blue does not fall,0,0,model,FALSE,319
if1_uh,both blocks fall,0.07593587937090449,0.13663425390992123,model,FALSE,319
if1_uh,blue might not fall,0.47975687340114226,0.4951217291700834,model,TRUE,319
if1_uh,green might not fall,0.009656985305114628,0.037502556558185546,model,FALSE,319
if1_uh,blue might fall,0.009650308689183193,0.03747662815563044,model,FALSE,319
if1_uh,green might fall,0.01091271247508335,0.042379128043480596,model,FALSE,319
if2_hl,blue does not fall,0,0,model,FALSE,1477
if2_hl,if blue does not fall green does not fall,0.031431437334869174,0.14709606815000115,model,FALSE,1477
if2_hl,if blue does not fall green falls,2.2109397772461859e-4,0.006006271966460453,model,FALSE,1477
if2_hl,green does not fall,0.0037233118647225123,0.035837802949095623,model,FALSE,1477
if2_hl,if green does not fall blue does not fall,0.10343159723685907,0.1646892961427556,model,FALSE,1477
if2_hl,if green does not fall blue falls,0.003203929578237652,0.022645503048860958,model,FALSE,1477
if2_hl,neither block falls,0,0,model,FALSE,1477
if2_hl,blue falls but green does not fall,0.0033848621475383815,0.03342824292150613,model,FALSE,1477
if2_hl,blue falls,0.0032021039775595042,0.02263259960851686,model,FALSE,1477
if2_hl,if blue falls green does not fall,0.0037233306112640294,0.03583798338922127,model,FALSE,1477
if2_hl,if blue falls green falls,0.2763234791438441,0.10644944591707856,model,TRUE,1477
if2_hl,green falls,0.2708255873323142,0.09669919500308109,model,FALSE,1477
if2_hl,if green falls blue does not fall,0.0013540961408224964,0.036785577765062985,model,FALSE,1477
if2_hl,if green falls blue falls,0.0029813133040269,0.021853665720746755,model,FALSE,1477
if2_hl,green falls but blue does not fall,0,0,model,FALSE,1477
if2_hl,both blocks fall,0.269917426617557,0.09695098517078254,model,FALSE,1477
if2_hl,blue might not fall,0.016249153689610805,0.12647509130218593,model,FALSE,1477
if2_hl,green might not fall,0.0032043190713202485,0.022648256004062624,model,FALSE,1477
if2_hl,blue might fall,0.0032021036823476562,0.022632597521947656,model,FALSE,1477
if2_hl,green might fall,0.0036208542893762905,0.025593296256435912,model,FALSE,1477
if2_ll,blue does not fall,0.05398594214501076,0.145010229244327,model,FALSE,348
if2_ll,if blue does not fall green does not fall,0.15745942409541136,0.3617267340312096,model,FALSE,348
if2_ll,if blue does not fall green falls,8.07206826256407e-4,0.010627500965731883,model,FALSE,348
if2_ll,green does not fall,0.06608583293850932,0.13307873373209628,model,FALSE,348
if2_ll,if green does not fall blue does not fall,2.6312574483535442e-11,5.211055811018857e-11,model,FALSE,348
if2_ll,if green does not fall blue falls,8.103869132474847e-4,0.010617624051734569,model,FALSE,348
if2_ll,neither block falls,0.04940752335275218,0.13729772204137872,model,FALSE,348
if2_ll,blue falls but green does not fall,0.06608616968417558,0.13307941184546584,model,FALSE,348
if2_ll,blue falls,8.099251543748939e-4,0.010611574114354249,model,FALSE,348
if2_ll,if blue falls green does not fall,0.06608616567475503,0.13307940377159305,model,FALSE,348
if2_ll,if blue falls green falls,0.03114130417294202,0.12164228611464571,model,FALSE,348
if2_ll,green falls,0.022792721038757797,0.08438392928603995,model,FALSE,348
if2_ll,if green falls blue does not fall,0.11062411525967573,0.2997807020542391,model,FALSE,348
if2_ll,if green falls blue falls,8.066394150395165e-4,0.010611821732000438,model,FALSE,348
if2_ll,green falls but blue does not fall,0,0,model,FALSE,348
if2_ll,both blocks fall,0.021364384707860392,0.08042943018205337,model,FALSE,348
if2_ll,blue might not fall,0.34920081000531805,0.4531924490076963,model,TRUE,348
if2_ll,green might not fall,8.10485430495482e-4,0.010618914808744094,model,FALSE,348
if2_ll,blue might fall,8.099250797053944e-4,0.010611573136040482,model,FALSE,348
if2_ll,green might fall,9.110380794066003e-4,0.01200008894643484,model,FALSE,348
if2_u-Ll,blue does not fall,0.05503069290406641,0.13840971186171572,model,FALSE,385
if2_u-Ll,if blue does not fall green does not fall,0.11525236487509082,0.3103684720350419,model,FALSE,385
if2_u-Ll,if blue does not fall green falls,0.006199002348700903,0.028879256103210335,model,FALSE,385
if2_u-Ll,green does not fall,0.003462836779185035,0.033839915220403395,model,FALSE,385
if2_u-Ll,if green does not fall blue does not fall,0.013278970648492061,0.06844663456218936,model,FALSE,385
if2_u-Ll,if green does not fall blue falls,0.016365601676330475,0.04760736673933397,model,FALSE,385
if2_u-Ll,neither block falls,0.05310129495311531,0.13382640707209878,model,FALSE,385
if2_u-Ll,blue falls but green does not fall,0.0034628544243477852,0.03384008765440754,model,FALSE,385
if2_u-Ll,blue falls,0.01635627653615819,0.04758023999285505,model,FALSE,385
if2_u-Ll,if blue falls green does not fall,0.008655598305543587,0.07928594268221616,model,FALSE,385
if2_u-Ll,if blue falls green falls,0.09139203004224904,0.16586251264204904,model,FALSE,385
if2_u-Ll,green falls,0.07963284966044429,0.13727241120341513,model,FALSE,385
if2_u-Ll,if green falls blue does not fall,0.03052084742783815,0.1212592832524507,model,FALSE,385
if2_u-Ll,if green falls blue falls,0.016356220460093877,0.04758025918070335,model,FALSE,385
if2_u-Ll,green falls but blue does not fall,0,0,model,FALSE,385
if2_u-Ll,both blocks fall,0.07966456399134207,0.13732708089615692,model,FALSE,385
if2_u-Ll,blue might not fall,0.3600484633374311,0.46043914523685747,model,TRUE,385
if2_u-Ll,green might not fall,0.016367591202161056,0.0476131542429079,model,FALSE,385
if2_u-Ll,blue might fall,0.01635627502822258,0.04758023560628588,model,FALSE,385
if2_u-Ll,green might fall,0.018495665399189634,0.05380452479517788,model,FALSE,385
if2_ul,blue does not fall,0.07833502976522233,0.1653064080105162,model,FALSE,483
if2_ul,if blue does not fall green does not fall,0.1171382806328262,0.31064113569916935,model,TRUE,483
if2_ul,if blue does not fall green falls,0.014534516553341967,0.04281149409878542,model,FALSE,483
if2_ul,green does not fall,0.03277644687664117,0.10021396014518222,model,FALSE,483
if2_ul,if green does not fall blue does not fall,0.02494961870833038,0.09222809662959673,model,FALSE,483
if2_ul,if green does not fall blue falls,0.03850769214558521,0.0669086150126706,model,FALSE,483
if2_ul,neither block falls,0.07749693677539302,0.1646757204272769,model,FALSE,483
if2_ul,blue falls but green does not fall,0.031741541017852225,0.09793528033016048,model,FALSE,483
if2_ul,blue falls,0.03848575040994958,0.06687049038714063,model,FALSE,483
if2_ul,if blue falls green does not fall,0.032776608124829174,0.10021446595176221,model,FALSE,483
if2_ul,if blue falls green falls,0.08171940088886685,0.1537607114550088,model,FALSE,483
if2_ul,green falls,0.07234688020881351,0.12875825586363926,model,FALSE,483
if2_ul,if green falls blue does not fall,0.01851946307612175,0.11217733269813647,model,FALSE,483
if2_ul,if green falls blue falls,0.03848568332035727,0.06687052885127097,model,FALSE,483
if2_ul,green falls but blue does not fall,0,0,model,FALSE,483
if2_ul,both blocks fall,0.07237569285509152,0.128809534733012,model,FALSE,483
if2_ul,blue might not fall,0.10929246270094099,0.2676886148775834,model,FALSE,483
if2_ul,green might not fall,0.03851237342746505,0.06691674891884984,model,FALSE,483
if2_ul,blue might fall,0.03848574686182949,0.06687048422214376,model,FALSE,483
if2_ul,green might fall,0.04351987565054477,0.075618355699639,model,FALSE,483
independent_hh,blue does not fall,0.0025837771999073647,0.03303789903137382,model,FALSE,657
independent_hh,if blue does not fall green does not fall,0.0035685415878144383,0.00957749891068825,model,FALSE,657
independent_hh,if blue does not fall green falls,2.3574019021098695e-12,1.9285530991217944e-12,model,FALSE,657
independent_hh,green does not fall,0,0,model,FALSE,657
independent_hh,if green does not fall blue does not fall,0.06427915835266973,0.14040258808612416,model,FALSE,657
independent_hh,if green does not fall blue falls,1.6238991352895334e-12,1.9973342686532063e-12,model,FALSE,657
independent_hh,neither block falls,0,0,model,FALSE,657
independent_hh,blue falls but green does not fall,0,0,model,FALSE,657
independent_hh,blue falls,3.1526585724722382e-12,1.4988598606987993e-12,model,FALSE,657
independent_hh,if blue falls green does not fall,2.584300398599648e-20,5.871171167740203e-19,model,FALSE,657
independent_hh,if blue falls green falls,0.25714299474113844,0.12225279217334696,model,FALSE,657
independent_hh,green falls,0.25716441800448203,0.12226297737665891,model,TRUE,657
independent_hh,if green falls blue does not fall,0.002659318405499104,0.03400381928298747,model,FALSE,657
independent_hh,if green falls blue falls,3.15265856498156e-12,1.4988598571451173e-12,model,FALSE,657
independent_hh,green falls but blue does not fall,0.05479452054725936,0.2277521293153057,model,FALSE,657
independent_hh,both blocks fall,0.25650546570642735,0.1223539069935688,model,FALSE,657
independent_hh,blue might not fall,0.10130180543778367,0.3007483425709433,model,FALSE,657
independent_hh,green might not fall,9.336607712891762e-15,2.3931603359290287e-13,model,FALSE,657
independent_hh,blue might fall,3.1526582818615115e-12,1.4988597224245485e-12,model,FALSE,657
independent_hh,green might fall,3.5650728355163214e-12,1.6949328480670794e-12,model,FALSE,657
independent_hl,blue does not fall,0.008620328539806932,0.05991360753497917,model,FALSE,640
independent_hl,if blue does not fall green does not fall,0.22139214325763729,0.4124148112764877,model,TRUE,640
independent_hl,if blue does not fall green falls,0.011077372161372976,0.038104017852949444,model,FALSE,640
independent_hl,green does not fall,0.07785533060210627,0.14159299814251952,model,FALSE,640
independent_hl,if green does not fall blue does not fall,0.021805801561872725,0.08686380950791955,model,FALSE,640
independent_hl,if green does not fall blue falls,0.02840745427207078,0.059975008072659194,model,FALSE,640
independent_hl,neither block falls,0,0,model,FALSE,640
independent_hl,blue falls but green does not fall,0.0770746527825501,0.14063756702929373,model,FALSE,640
independent_hl,blue falls,0.02839126766434379,0.05994083422744407,model,FALSE,640
independent_hl,if blue falls green does not fall,0.08410304013319941,0.15902765957884993,model,FALSE,640
independent_hl,if blue falls green falls,0.07715493490571225,0.13738449698643632,model,FALSE,640
independent_hl,green falls,0.0757456704265293,0.13345324048095564,model,FALSE,640
independent_hl,if green falls blue does not fall,0.02999369941672764,0.15349925188946595,model,FALSE,640
independent_hl,if green falls blue falls,0.02762659009190744,0.059253787777716255,model,FALSE,640
independent_hl,green falls but blue does not fall,0,0,model,FALSE,640
independent_hl,both blocks fall,0.0757758366649209,0.13350638916035457,model,FALSE,640
independent_hl,blue might not fall,0.06607347202721901,0.2424858384264404,model,FALSE,640
independent_hl,green might not fall,0.028410907692334182,0.059982299079233324,model,FALSE,640
independent_hl,blue might fall,0.028391265046865205,0.05994082870131357,model,FALSE,640
independent_hl,green might fall,0.03210023275282821,0.06778436572228148,model,FALSE,640
independent_ll,blue does not fall,0.2641335594245767,0.18773137797945694,model,TRUE,662
independent_ll,if blue does not fall green does not fall,0.021147994890490938,0.14398622541193504,model,FALSE,662
independent_ll,if blue does not fall green falls,7.502272786438202e-24,8.388305743765718e-23,model,FALSE,662
independent_ll,green does not fall,2.4809817888814134e-8,2.114887047039299e-7,model,FALSE,662
independent_ll,if green does not fall blue does not fall,1.4267707399125401e-11,1.781102881499907e-11,model,FALSE,662
independent_ll,if green does not fall blue falls,7.394404953545031e-4,0.010967649791053698,model,FALSE,662
independent_ll,neither block falls,0.2145304814970597,0.1929471463326887,model,FALSE,662
independent_ll,blue falls but green does not fall,0,0,model,FALSE,662
independent_ll,blue falls,7.390191612843951e-4,0.010961400408553104,model,FALSE,662
independent_ll,if blue falls green does not fall,1.6539951808296273e-8,1.73076777013601e-7,model,FALSE,662
independent_ll,if blue falls green falls,3.949925750000933e-12,1.1842812793411768e-11,model,FALSE,662
independent_ll,green falls,7.299766408835105e-13,7.476352572226984e-12,model,FALSE,662
independent_ll,if green falls blue does not fall,0.12151727442996157,0.1730026140534268,model,FALSE,662
independent_ll,if green falls blue falls,7.390191595291871e-4,0.010961400382519224,model,FALSE,662
independent_ll,green falls but blue does not fall,0.24320241691538483,0.42934071626164755,model,FALSE,662
independent_ll,both blocks fall,0,0,model,FALSE,662
independent_ll,blue might not fall,0.13093650940509519,0.19525920406929542,model,FALSE,662
independent_ll,green might not fall,7.395303873989326e-4,0.010968983099820561,model,FALSE,662
independent_ll,blue might fall,7.390190931519378e-4,0.010961399397987773,model,FALSE,662
independent_ll,green might fall,8.356937719945496e-4,0.012395313332245854,model,FALSE,662
independent_uh,blue does not fall,0.015707794938668206,0.095492562022815,model,FALSE,279
independent_uh,if blue does not fall green does not fall,0.017921114237740052,0.13290306329326587,model,FALSE,279
independent_uh,if blue does not fall green falls,0.005535289166231846,0.027369830346614304,model,FALSE,279
independent_uh,green does not fall,1.308170009329605e-8,1.5422997164942474e-7,model,FALSE,279
independent_uh,if green does not fall blue does not fall,0.001337242181789235,0.022336347714879,model,FALSE,279
independent_uh,if green does not fall blue falls,0.006115136406659306,0.028925652591821133,model,FALSE,279
independent_uh,neither block falls,0,0,model,FALSE,279
independent_uh,blue falls but green does not fall,6.540877407183999e-9,1.0925419238807732e-7,model,FALSE,279
independent_uh,blue falls,0.006111651993298307,0.02890917071371496,model,FALSE,279
independent_uh,if blue falls green does not fall,0.0035828200433964683,0.059844673973793665,model,FALSE,279
independent_uh,if blue falls green falls,0.03300152087838804,0.11067899645183099,model,FALSE,279
independent_uh,green falls,0.029419742320078577,0.09422698812618663,model,FALSE,279
independent_uh,if green falls blue does not fall,0.03502600448221964,0.15137109939707283,model,FALSE,279
independent_uh,if green falls blue falls,0.006111420069183642,0.028909219587702453,model,FALSE,279
independent_uh,green falls but blue does not fall,0.09677419354717566,0.2961813121875643,model,FALSE,279
independent_uh,both blocks fall,0.029431458890369022,0.094264514692586,model,FALSE,279
independent_uh,blue might not fall,0.6947859137259972,0.44953729915918184,model,TRUE,279
independent_uh,green might not fall,0.0061158798076755725,0.028929169008548188,model,FALSE,279
independent_uh,blue might fall,0.006111651429846248,0.028909168048489295,model,FALSE,279
independent_uh,green might fall,0.006911146258705875,0.032690916836951474,model,FALSE,279
independent_ul,blue does not fall,0.04084706686092391,0.13314394348099134,model,FALSE,243
independent_ul,if blue does not fall green does not fall,0.23868206102506648,0.4271565798544145,model,FALSE,243
independent_ul,if blue does not fall green falls,0.0025014957678740203,0.01941468187673538,model,FALSE,243
independent_ul,green does not fall,0.06857893888554027,0.13753937218256926,model,FALSE,243
independent_ul,if green does not fall blue does not fall,4.770244113714632e-12,2.0648648317936642e-11,model,FALSE,243
independent_ul,if green does not fall blue falls,0.003172986424250896,0.02196431813358006,model,FALSE,243
independent_ul,neither block falls,0.02068457736330781,0.09130154966104807,model,FALSE,243
independent_ul,blue falls but green does not fall,0.06446478644688253,0.13191501265952885,model,FALSE,243
independent_ul,blue falls,0.0031711784520623352,0.021951802833790966,model,FALSE,243
independent_ul,if blue falls green does not fall,0.06857928417435158,0.13754006468098193,model,FALSE,243
independent_ul,if blue falls green falls,0.02400428591257013,0.10603332912637818,model,FALSE,243
independent_ul,green falls,0.024006285772429446,0.10604216304372502,model,FALSE,243
independent_ul,if green falls blue does not fall,0.09809163068997447,0.2771270860263853,model,FALSE,243
independent_ul,if green falls blue falls,0.0018287714762863668,0.016399425759896,model,FALSE,243
independent_ul,green falls but blue does not fall,0.04938271604876463,0.21711298242359245,model,FALSE,243
independent_ul,both blocks fall,0.0013721443654101857,0.02138961380588817,model,FALSE,243
independent_ul,blue might not fall,0.2807059431836383,0.4340263715006313,model,TRUE,243
independent_ul,green might not fall,0.003173372155697912,0.021966988278890417,model,FALSE,243
independent_ul,blue might fall,0.0031711781597016067,0.021951800809986516,model,FALSE,243
independent_ul,green might fall,0.0035812968305044125,0.024824104249073883,model,FALSE,243
