stimulus,utterance,p,sd,predictor,best.utt,n.stim
if1_hh,blue does not fall,0.0023251885492475257,0.032663082243858985,model,FALSE,594
if1_hh,if blue does not fall green does not fall,0.040999844606586656,0.08756285241399812,model,FALSE,594
if1_hh,if blue does not fall green falls,0.00809657371893437,0.03416114757931719,model,FALSE,594
if1_hh,green does not fall,0.0013633058067283883,0.019151036032372743,model,FALSE,594
if1_hh,if green does not fall blue does not fall,0.02692925205791517,0.06526677203875286,model,FALSE,594
if1_hh,if green does not fall blue falls,0.04194579961527284,0.08101567777566482,model,FALSE,594
if1_hh,neither block falls,0,0,model,FALSE,594
if1_hh,blue falls but green does not fall,0,0,model,FALSE,594
if1_hh,blue falls,0.0902283453404371,0.13973021563930546,model,FALSE,594
if1_hh,if blue falls green does not fall,0.002067019936749676,0.022227133534091198,model,FALSE,594
if1_hh,if blue falls green falls,0.03355444257088561,0.05301219910932117,model,FALSE,594
if1_hh,green falls,0.0340563035162493,0.05274675359060756,model,FALSE,594
if1_hh,if green falls blue does not fall,0.010490595776537884,0.07786430639601667,model,FALSE,594
if1_hh,if green falls blue falls,0.0456131863752039,0.058673601406451274,model,FALSE,594
if1_hh,green falls but blue does not fall,0,0,model,FALSE,594
if1_hh,both blocks fall,0.5474679951393991,0.4097861593487616,model,TRUE,594
if1_hh,blue might not fall,0.025374717336298955,0.06962188581011935,model,FALSE,594
if1_hh,green might not fall,0.030851461626979364,0.06632997451816529,model,FALSE,594
if1_hh,blue might fall,0.027062620231256915,0.05128327176464443,model,FALSE,594
if1_hh,green might fall,0.03157334779531723,0.059546301572549816,model,FALSE,594
if1_lh,blue does not fall,0.09887881428946746,0.16228594618988607,model,FALSE,732
if1_lh,if blue does not fall green does not fall,0.04700768258980431,0.09578082157837073,model,FALSE,732
if1_lh,if blue does not fall green falls,0.010380269764680346,0.04693174194336923,model,FALSE,732
if1_lh,green does not fall,0.020807606662012746,0.05536287439709991,model,FALSE,732
if1_lh,if green does not fall blue does not fall,0.05445384960279997,0.07803826679514697,model,FALSE,732
if1_lh,if green does not fall blue falls,0.006243683713522858,0.030722628571780805,model,FALSE,732
if1_lh,neither block falls,0.3085978359234207,0.41117393814089953,model,TRUE,732
if1_lh,blue falls but green does not fall,0,0,model,FALSE,732
if1_lh,blue falls,0.013093108746024037,0.06863254088730021,model,FALSE,732
if1_lh,if blue falls green does not fall,0.002829306873864015,0.01248324077856649,model,FALSE,732
if1_lh,if blue falls green falls,0.03177421922392003,0.06473508849947755,model,FALSE,732
if1_lh,green falls,0.019642879985083704,0.0674753117603872,model,FALSE,732
if1_lh,if green falls blue does not fall,0.037600321902852764,0.0807620286079247,model,FALSE,732
if1_lh,if green falls blue falls,0.026070233790469792,0.050669677589344646,model,FALSE,732
if1_lh,green falls but blue does not fall,0.159977525460354,0.33666052161747684,model,FALSE,732
if1_lh,both blocks fall,0,0,model,FALSE,732
if1_lh,blue might not fall,0.04660010800810693,0.08586028259209494,model,FALSE,732
if1_lh,green might not fall,0.04405987897707452,0.08250264342291427,model,FALSE,732
if1_lh,blue might fall,0.03154949006159127,0.06641813436647935,model,FALSE,732
if1_lh,green might fall,0.04043318442495048,0.0758355188463162,model,FALSE,732
if1_u-Lh,blue does not fall,0.03321015916909262,0.11109038190665163,model,FALSE,1251
if1_u-Lh,if blue does not fall green does not fall,0.15120032156342536,0.1355283859945903,model,FALSE,1251
if1_u-Lh,if blue does not fall green falls,0.011476084904359399,0.05019350621633592,model,FALSE,1251
if1_u-Lh,green does not fall,0.018902377502424645,0.07452209777598923,model,FALSE,1251
if1_u-Lh,if green does not fall blue does not fall,0.11421865481842589,0.10383912151070279,model,FALSE,1251
if1_u-Lh,if green does not fall blue falls,0.008628510075067817,0.039357155524675135,model,FALSE,1251
if1_u-Lh,neither block falls,0.0755311368055043,0.24216094998261262,model,FALSE,1251
if1_u-Lh,blue falls but green does not fall,0,0,model,FALSE,1251
if1_u-Lh,blue falls,0.03062320079372213,0.08484111487615309,model,FALSE,1251
if1_u-Lh,if blue falls green does not fall,0.003013117189821375,0.022471901978747467,model,FALSE,1251
if1_u-Lh,if blue falls green falls,0.08942797880724028,0.07736529700302407,model,FALSE,1251
if1_u-Lh,green falls,0.025114218379595234,0.07200288233557596,model,FALSE,1251
if1_u-Lh,if green falls blue does not fall,0.011965486860565372,0.050803418052698834,model,FALSE,1251
if1_u-Lh,if green falls blue falls,0.07744680448569946,0.06554849490814625,model,FALSE,1251
if1_u-Lh,green falls but blue does not fall,0.006294422140073663,0.07397246913136714,model,FALSE,1251
if1_u-Lh,both blocks fall,0.21913522302050228,0.37084437711972384,model,TRUE,1251
if1_u-Lh,blue might not fall,0.03337457596284965,0.04319683780701164,model,FALSE,1251
if1_u-Lh,green might not fall,0.03226698886380559,0.0413591449911566,model,FALSE,1251
if1_u-Lh,blue might fall,0.02693944886874801,0.03196470516727427,model,FALSE,1251
if1_u-Lh,green might fall,0.031231289789076615,0.037120848198625836,model,FALSE,1251
if1_uh,blue does not fall,0.0019423566456510304,0.009813801884787502,model,FALSE,954
if1_uh,if blue does not fall green does not fall,0.15618992607400647,0.13142064052207378,model,FALSE,954
if1_uh,if blue does not fall green falls,0.025852799240025693,0.07057525562526593,model,FALSE,954
if1_uh,green does not fall,0.0021234696580365903,0.010626521353862507,model,FALSE,954
if1_uh,if green does not fall blue does not fall,0.11039547465449887,0.104249761818277,model,FALSE,954
if1_uh,if green does not fall blue falls,0.014267801350369388,0.04677501536696112,model,FALSE,954
if1_uh,neither block falls,0.032482960445011005,0.16412090907840418,model,FALSE,954
if1_uh,blue falls but green does not fall,0.006845784750766609,0.07018563668266808,model,FALSE,954
if1_uh,blue falls,0.045244981061348735,0.09673355508175269,model,FALSE,954
if1_uh,if blue falls green does not fall,0.010178290107323821,0.04139813163880204,model,FALSE,954
if1_uh,if blue falls green falls,0.10162572126893342,0.07435644908449024,model,FALSE,954
if1_uh,green falls,0.05159531983885189,0.11501286841181085,model,FALSE,954
if1_uh,if green falls blue does not fall,0.015468626923942939,0.06689924493279842,model,FALSE,954
if1_uh,if green falls blue falls,0.07797869307808836,0.06367962736268466,model,FALSE,954
if1_uh,green falls but blue does not fall,0,0,model,FALSE,954
if1_uh,both blocks fall,0.20462667593242465,0.36223893016392367,model,TRUE,954
if1_uh,blue might not fall,0.03828078982529117,0.05069215260653359,model,FALSE,954
if1_uh,green might not fall,0.03645852204694847,0.048186136086435266,model,FALSE,954
if1_uh,blue might fall,0.03166860677835477,0.03697634139015527,model,FALSE,954
if1_uh,green might fall,0.03677320032012576,0.04298128204824257,model,FALSE,954
if2_hl,blue does not fall,0,0,model,FALSE,918
if2_hl,if blue does not fall green does not fall,0.031721234825417895,0.05820211134070843,model,FALSE,918
if2_hl,if blue does not fall green falls,0.0038542248567864147,0.02198842255345482,model,FALSE,918
if2_hl,green does not fall,0.03273542958725808,0.09575940327664408,model,FALSE,918
if2_hl,if green does not fall blue does not fall,0.007220464875871941,0.009923590863012517,model,FALSE,918
if2_hl,if green does not fall blue falls,0.03653458815804835,0.08043786320654157,model,FALSE,918
if2_hl,neither block falls,0,0,model,FALSE,918
if2_hl,blue falls but green does not fall,0.07761869708189588,0.21978380785405813,model,FALSE,918
if2_hl,blue falls,0.08249553222129422,0.12924770219805706,model,FALSE,918
if2_hl,if blue falls green does not fall,0.015042509446045465,0.04337922360461791,model,FALSE,918
if2_hl,if blue falls green falls,0.010960985428390961,0.016752719659241525,model,FALSE,918
if2_hl,green falls,0.023259244586668334,0.023976689979446478,model,FALSE,918
if2_hl,if green falls blue does not fall,0.003957784119026741,0.022819107344317132,model,FALSE,918
if2_hl,if green falls blue falls,0.02867263617752581,0.046595339036359845,model,FALSE,918
if2_hl,green falls but blue does not fall,0,0,model,FALSE,918
if2_hl,both blocks fall,0.4936294870617304,0.4189128868992799,model,TRUE,918
if2_hl,blue might not fall,0.03727553668378097,0.09044919899747152,model,FALSE,918
if2_hl,green might not fall,0.04172271040062489,0.08538063078750115,model,FALSE,918
if2_hl,blue might fall,0.034951746095221684,0.06647569401327133,model,FALSE,918
if2_hl,green might fall,0.038347188394411855,0.07800728277280354,model,FALSE,918
if2_ll,blue does not fall,0.020177544436896715,0.061988367850897064,model,FALSE,1042
if2_ll,if blue does not fall green does not fall,0.12962761783939028,0.13408438460377636,model,FALSE,1042
if2_ll,if blue does not fall green falls,0.0025013259905457513,0.012656678462931031,model,FALSE,1042
if2_ll,green does not fall,0.036667535884533094,0.09774450222701744,model,FALSE,1042
if2_ll,if green does not fall blue does not fall,0.09455556038562188,0.10407762349509721,model,FALSE,1042
if2_ll,if green does not fall blue falls,0.007258371028420639,0.041567323815276294,model,FALSE,1042
if2_ll,neither block falls,0.21759230939370422,0.3737239837085884,model,TRUE,1042
if2_ll,blue falls but green does not fall,0.026046064080130424,0.13221792084647255,model,FALSE,1042
if2_ll,blue falls,0.014670037264332242,0.06061132188360385,model,FALSE,1042
if2_ll,if blue falls green does not fall,0.00866281755922015,0.03500276791180113,model,FALSE,1042
if2_ll,if blue falls green falls,0.06685406084270361,0.07856837094655424,model,FALSE,1042
if2_ll,green falls,0.009474413367366612,0.04318994293666128,model,FALSE,1042
if2_ll,if green falls blue does not fall,0.0062506660125945315,0.03516035530291583,model,FALSE,1042
if2_ll,if green falls blue falls,0.06257092897317673,0.06587066256564379,model,FALSE,1042
if2_ll,green falls but blue does not fall,0,0,model,FALSE,1042
if2_ll,both blocks fall,0.05707406800551485,0.21281887516760134,model,FALSE,1042
if2_ll,blue might not fall,0.06720157308257488,0.09409470084579996,model,FALSE,1042
if2_ll,green might not fall,0.06509233048720704,0.08960579459865421,model,FALSE,1042
if2_ll,blue might fall,0.05062625654393181,0.0712768277392742,model,FALSE,1042
if2_ll,green might fall,0.057096518822134096,0.08369742535597088,model,FALSE,1042
if2_u-Ll,blue does not fall,0.0027185819168424113,0.011472135916066904,model,FALSE,1071
if2_u-Ll,if blue does not fall green does not fall,0.10010120520458786,0.12694431419305924,model,FALSE,1071
if2_u-Ll,if blue does not fall green falls,0.021170558862362326,0.06097390373264364,model,FALSE,1071
if2_u-Ll,green does not fall,0.037524618068315044,0.11207681922333203,model,FALSE,1071
if2_u-Ll,if green does not fall blue does not fall,0.053898684202996476,0.08973593512536988,model,FALSE,1071
if2_u-Ll,if green does not fall blue falls,0.032136107995094795,0.07418506183210921,model,FALSE,1071
if2_u-Ll,neither block falls,0.04546414741547945,0.19185402331531662,model,FALSE,1071
if2_u-Ll,blue falls but green does not fall,0.027593148201347714,0.13674704820400366,model,FALSE,1071
if2_u-Ll,blue falls,0.05432844591339205,0.11509461258382458,model,FALSE,1071
if2_u-Ll,if blue falls green does not fall,0.028240777862169723,0.063790364825087,model,FALSE,1071
if2_u-Ll,if blue falls green falls,0.05285975709032215,0.07734701248439473,model,FALSE,1071
if2_u-Ll,green falls,0.03494221374310292,0.0899980599815675,model,FALSE,1071
if2_u-Ll,if green falls blue does not fall,0.028325013845910692,0.08628396309902757,model,FALSE,1071
if2_u-Ll,if green falls blue falls,0.05252968080988319,0.06365819768444186,model,FALSE,1071
if2_u-Ll,green falls but blue does not fall,0,0,model,FALSE,1071
if2_u-Ll,both blocks fall,0.2188386126173544,0.37163776943357013,model,TRUE,1071
if2_u-Ll,blue might not fall,0.055883881568780276,0.08682508390193999,model,FALSE,1071
if2_u-Ll,green might not fall,0.05659845567027813,0.08177270218826531,model,FALSE,1071
if2_u-Ll,blue might fall,0.04569032978723422,0.06404540404533042,model,FALSE,1071
if2_u-Ll,green might fall,0.05115577922454545,0.07536153669719535,model,FALSE,1071
if2_ul,blue does not fall,0.014839635251625023,0.06998782989346695,model,FALSE,972
if2_ul,if blue does not fall green does not fall,0.06269191268368822,0.10547930323416418,model,FALSE,972
if2_ul,if blue does not fall green falls,0.01160390621820905,0.04341105852632972,model,FALSE,972
if2_ul,green does not fall,0.01366419966298427,0.05293760035321299,model,FALSE,972
if2_ul,if green does not fall blue does not fall,0.044887172206591566,0.08029868783848246,model,FALSE,972
if2_ul,if green does not fall blue falls,0.046855704906697104,0.09565997823971698,model,FALSE,972
if2_ul,neither block falls,0.08987283234129126,0.262612830824395,model,FALSE,972
if2_ul,blue falls but green does not fall,0.03235472041382227,0.1470043105891891,model,FALSE,972
if2_ul,blue falls,0.0825089620159704,0.1502195961355113,model,FALSE,972
if2_ul,if blue falls green does not fall,0.012966787030217817,0.0440877791493164,model,FALSE,972
if2_ul,if blue falls green falls,0.034623322016607214,0.05844729061480809,model,FALSE,972
if2_ul,green falls,0.020272967057794935,0.046682135386328504,model,FALSE,972
if2_ul,if green falls blue does not fall,0.01991091267113922,0.07187787953369464,model,FALSE,972
if2_ul,if green falls blue falls,0.052467568977829254,0.06474889741798935,model,FALSE,972
if2_ul,green falls but blue does not fall,0,0,model,FALSE,972
if2_ul,both blocks fall,0.2915005156429818,0.40407309340420344,model,TRUE,972
if2_ul,blue might not fall,0.041698930931241475,0.08262096709914452,model,FALSE,972
if2_ul,green might not fall,0.04666912854292301,0.07747111045317133,model,FALSE,972
if2_ul,blue might fall,0.037379199518928055,0.060841979320501505,model,FALSE,972
if2_ul,green might fall,0.043231621909456966,0.07079418763600616,model,FALSE,972
independent_hh,blue does not fall,0.022024625413786556,0.09660895797628513,model,FALSE,795
independent_hh,if blue does not fall green does not fall,0.006332512532254751,0.04726415113083906,model,FALSE,795
independent_hh,if blue does not fall green falls,0.06252837214603893,0.09825734221421874,model,FALSE,795
independent_hh,green does not fall,0.007444449038125486,0.04486782909002862,model,FALSE,795
independent_hh,if green does not fall blue does not fall,0.013681991513220896,0.034409165547018825,model,FALSE,795
independent_hh,if green does not fall blue falls,0.01420972086440355,0.04039568014168393,model,FALSE,795
independent_hh,neither block falls,0,0,model,FALSE,795
independent_hh,blue falls but green does not fall,0.03169020555485476,0.1456997506361139,model,FALSE,795
independent_hh,blue falls,0.03910065567549536,0.07215332375338067,model,FALSE,795
independent_hh,if blue falls green does not fall,0.006706870644216028,0.05056449398953991,model,FALSE,795
independent_hh,if blue falls green falls,0.04877423467252894,0.07114727205466008,model,FALSE,795
independent_hh,green falls,0.11256045908891757,0.16040191928491745,model,FALSE,795
independent_hh,if green falls blue does not fall,0.012141553134316314,0.04779975875511813,model,FALSE,795
independent_hh,if green falls blue falls,0.017228439920308977,0.04595242576553705,model,FALSE,795
independent_hh,green falls but blue does not fall,0.05567132711058325,0.21277103716499218,model,FALSE,795
independent_hh,both blocks fall,0.41562568489616997,0.42709533117095044,model,TRUE,795
independent_hh,blue might not fall,0.03853851924332504,0.07574635477815757,model,FALSE,795
independent_hh,green might not fall,0.028582986223537863,0.07354294996185233,model,FALSE,795
independent_hh,blue might fall,0.03062167033442329,0.05653296595159087,model,FALSE,795
independent_hh,green might fall,0.03653572199349229,0.06537580296727177,model,FALSE,795
independent_hl,blue does not fall,0.006418486616117881,0.05606192408548126,model,FALSE,693
independent_hl,if blue does not fall green does not fall,0.017521521891060782,0.03979468871399578,model,FALSE,693
independent_hl,if blue does not fall green falls,0.02162875230221876,0.055571009215369234,model,FALSE,693
independent_hl,green does not fall,0.04284928736085996,0.06588751881094791,model,FALSE,693
independent_hl,if green does not fall blue does not fall,0.003919999015048117,0.01710167040215788,model,FALSE,693
independent_hl,if green does not fall blue falls,0.08031108611523967,0.09211503733058189,model,FALSE,693
independent_hl,neither block falls,0,0,model,FALSE,693
independent_hl,blue falls but green does not fall,0.2588015082837817,0.33967879479915014,model,TRUE,693
independent_hl,blue falls,0.13336456940168148,0.15902866327964763,model,FALSE,693
independent_hl,if blue falls green does not fall,0.028308080095348655,0.04602818536832492,model,FALSE,693
independent_hl,if blue falls green falls,0.005582247675913475,0.01632405796132422,model,FALSE,693
independent_hl,green falls,0.012597518169811582,0.03694688944699595,model,FALSE,693
independent_hl,if green falls blue does not fall,0.024770331262131663,0.07097631932106904,model,FALSE,693
independent_hl,if green falls blue falls,0.04339858685492024,0.05933717711691682,model,FALSE,693
independent_hl,green falls but blue does not fall,0,0,model,FALSE,693
independent_hl,both blocks fall,0.20999978062883565,0.36723868309867513,model,FALSE,693
independent_hl,blue might not fall,0.021555651553644143,0.06666178900961431,model,FALSE,693
independent_hl,green might not fall,0.033468366458130915,0.062282126281845096,model,FALSE,693
independent_hl,blue might fall,0.026994407297101366,0.04890728982487011,model,FALSE,693
independent_hl,green might fall,0.02850981901815292,0.0580656601917918,model,FALSE,693
independent_ll,blue does not fall,0.15868211647809166,0.20085346598719023,model,FALSE,675
independent_ll,if blue does not fall green does not fall,0.03221799280680913,0.0768921982968187,model,FALSE,675
independent_ll,if blue does not fall green falls,0.004402292278296468,0.014115225880480052,model,FALSE,675
independent_ll,green does not fall,0.028215945368357545,0.07978382852327819,model,FALSE,675
independent_ll,if green does not fall blue does not fall,0.05640060182645267,0.070330013116849735,model,FALSE,675
independent_ll,if green does not fall blue falls,0.011759469509261619,0.04934787948541973,model,FALSE,675
independent_ll,neither block falls,0.2520759576777585,0.3874106066552409,model,TRUE,675
independent_ll,blue falls but green does not fall,0,0,model,FALSE,675
independent_ll,blue falls,0.01896000069881099,0.0883925025006481,model,FALSE,675
independent_ll,if blue falls green does not fall,0.018972100247028792,0.045185739729321876,model,FALSE,675
independent_ll,if blue falls green falls,0.015071009030541805,0.040980831032000294,model,FALSE,675
independent_ll,green falls,0.007586525004924808,0.024324944216076005,model,FALSE,675
independent_ll,if green falls blue does not fall,0.07769409502410532,0.10063746248746126,model,FALSE,675
independent_ll,if green falls blue falls,0.016384905012590118,0.0447971578554621,model,FALSE,675
independent_ll,green falls but blue does not fall,0.16178770810247323,0.33797290038453687,model,FALSE,675
independent_ll,both blocks fall,0,0,model,FALSE,675
independent_ll,blue might not fall,0.039998330656088356,0.07804008740277785,model,FALSE,675
independent_ll,green might not fall,0.040089109567029775,0.07449506473373885,model,FALSE,675
independent_ll,blue might fall,0.024446328998296796,0.0609871989879203,model,FALSE,675
independent_ll,green might fall,0.03525551171308247,0.06890277630423107,model,FALSE,675
independent_uh,blue does not fall,0.006431483897129431,0.04470852394360355,model,FALSE,561
independent_uh,if blue does not fall green does not fall,0.02157408136577789,0.06272431094856333,model,FALSE,561
independent_uh,if blue does not fall green falls,0.1151394842701238,0.13254878455549468,model,FALSE,561
independent_uh,green does not fall,0.03597368846057368,0.10703485629848918,model,FALSE,561
independent_uh,if green does not fall blue does not fall,0.011959619504808143,0.04349060525708852,model,FALSE,561
independent_uh,if green does not fall blue falls,0.02997891650139708,0.06819620241679995,model,FALSE,561
independent_uh,neither block falls,0,0,model,FALSE,561
independent_uh,blue falls but green does not fall,0.007294148165623507,0.07022838286900744,model,FALSE,561
independent_uh,blue falls,0.035892560672785095,0.09881980889955193,model,FALSE,561
independent_uh,if blue falls green does not fall,0.01683376567208742,0.048729585111751295,model,FALSE,561
independent_uh,if blue falls green falls,0.07081992259999341,0.079980752513761,model,FALSE,561
independent_uh,green falls,0.17627712390626177,0.19721690969962516,model,TRUE,561
independent_uh,if green falls blue does not fall,0.009162839068070314,0.04419225557033628,model,FALSE,561
independent_uh,if green falls blue falls,0.01572742517814018,0.03883268014323348,model,FALSE,561
independent_uh,green falls but blue does not fall,0.037028365675912625,0.17530878236704328,model,FALSE,561
independent_uh,both blocks fall,0.13203202769338304,0.30849597241501786,model,FALSE,561
independent_uh,blue might not fall,0.08013171638931216,0.09978622254582932,model,FALSE,561
independent_uh,green might not fall,0.06350815995672449,0.10177429081216095,model,FALSE,561
independent_uh,blue might fall,0.06306414898697715,0.0738772279850833,model,FALSE,561
independent_uh,green might fall,0.07117052203491873,0.08719165438147429,model,FALSE,561
independent_ul,blue does not fall,0.042452022892684876,0.12244768394877495,model,FALSE,702
independent_ul,if blue does not fall green does not fall,0.049875337686277436,0.09266300866894242,model,FALSE,702
independent_ul,if blue does not fall green falls,0.025645089565942452,0.06974377933755307,model,FALSE,702
independent_ul,green does not fall,0.05683345191805608,0.12013326186009195,model,FALSE,702
independent_ul,if green does not fall blue does not fall,0.023728286952138005,0.05931816910467884,model,FALSE,702
independent_ul,if green does not fall blue falls,0.036767734707147434,0.07764602501269507,model,FALSE,702
independent_ul,neither block falls,0.07294044210023151,0.23877495202268792,model,FALSE,702
independent_ul,blue falls but green does not fall,0.10660016270193236,0.25027554916695904,model,TRUE,702
independent_ul,blue falls,0.06531674524485405,0.1389253961637188,model,FALSE,702
independent_ul,if blue falls green does not fall,0.024538166122218003,0.05300048286076464,model,FALSE,702
independent_ul,if blue falls green falls,0.02937732670195438,0.06121017714373812,model,FALSE,702
independent_ul,green falls,0.038869027972776,0.1196578509463708,model,FALSE,702
independent_ul,if green falls blue does not fall,0.020613519231660264,0.06876800604647072,model,FALSE,702
independent_ul,if green falls blue falls,0.03338314787383566,0.05732527390992678,model,FALSE,702
independent_ul,green falls but blue does not fall,0.03703596675174287,0.1754138951231693,model,FALSE,702
independent_ul,both blocks fall,0.014537730062498222,0.11032176529889019,model,FALSE,702
independent_ul,blue might not fall,0.08721057387861075,0.1152552442608435,model,FALSE,702
independent_ul,green might not fall,0.08573650609878185,0.1088399461216522,model,FALSE,702
independent_ul,blue might fall,0.07043084727894094,0.08445322782403798,model,FALSE,702
independent_ul,green might fall,0.07810791425771639,0.10062729218311835,model,FALSE,702
NA_NA,blue does not fall,0.049326278009048964,0.12274727133813813,model,FALSE,27489
NA_NA,if blue does not fall green does not fall,0.06300932516498935,0.1082415613801943,model,FALSE,27489
NA_NA,if blue does not fall green falls,0.05309291674950952,0.08189705987206068,model,FALSE,27489
NA_NA,green does not fall,0.04468984231642695,0.10264456484878047,model,FALSE,27489
NA_NA,if green does not fall blue does not fall,0.04801770728402934,0.08343175691570613,model,FALSE,27489
NA_NA,if green does not fall blue falls,0.04937865972019608,0.0761823379764917,model,FALSE,27489
NA_NA,neither block falls,0.07994720788218877,0.24874779403711877,model,FALSE,27489
NA_NA,blue falls but green does not fall,0.07302350499065478,0.21194422190044143,model,FALSE,27489
NA_NA,blue falls,0.03432327136148916,0.08758394371304326,model,FALSE,27489
NA_NA,if blue falls green does not fall,0.05161660202743681,0.07608109952679708,model,FALSE,27489
NA_NA,if blue falls green falls,0.038139348037403285,0.06656540754496033,model,FALSE,27489
NA_NA,green falls,0.03376455396260967,0.09286031269277331,model,FALSE,27489
NA_NA,if green falls blue does not fall,0.0805357114359763,0.12070068951927058,model,FALSE,27489
NA_NA,if green falls blue falls,0.03148253325450732,0.05633432010857625,model,FALSE,27489
NA_NA,green falls but blue does not fall,0.09489484052038996,0.2706799506444701,model,TRUE,27489
NA_NA,both blocks fall,0.06334078706790071,0.2230343747483888,model,FALSE,27489
NA_NA,blue might not fall,0.03079018048499801,0.047842911710002226,model,FALSE,27489
NA_NA,green might not fall,0.029629784031311494,0.04561692918325599,model,FALSE,27489
NA_NA,blue might fall,0.023982943916417407,0.03609016153595066,model,FALSE,27489
NA_NA,green might fall,0.027014001782514844,0.04217532255361297,model,FALSE,27489
